Temporada,Clube,Fase,Adversario,GolsMarcados,GolsSofridos,Resultado
2021-2022,Real Madrid,Oitavas,Paris Saint-Germain,3,2,Vitoria
2021-2022,Real Madrid,Quartas,Chelsea,5,4,Vitoria
2021-2022,Real Madrid,Semifinal,Manchester City,6,5,Vitoria
2021-2022,Real Madrid,Final,Liverpool,1,0,Vitoria
2022-2023,Manchester City,Oitavas,RB Leipzig,8,1,Vitoria
2022-2023,Manchester City,Quartas,Bayern de Munique,4,1,Vitoria
2022-2023,Manchester City,Semifinal,Real Madrid,5,1,Vitoria
2022-2023,Manchester City,Final,Inter de Milao,1,0,Vitoria
2022-2023,Inter de Milao,Final,Manchester City,0,1,Derrota
